{"cameraMode":{"drawMode":0,"name":"Shaded","section":"Shading Mode"},"sceneLighting":true,"audioPlay":false,"sceneViewState":{"m_AlwaysRefresh":false,"showFog":true,"showSkybox":true,"showFlares":true,"showImageEffects":true,"showParticleSystems":true,"showVisualEffectGraphs":true,"m_FxEnabled":true},"in2DMode":false,"pivot":{"x":89.96941375732422,"y":-26.109817504882814,"z":188.10369873046876},"rotation":{"x":-0.03738591820001602,"y":0.11016484349966049,"z":-0.006028726696968079,"w":-0.9936903119087219},"size":0.45310860872268679,"orthographic":false}