{"cameraMode":{"drawMode":0,"name":"Shaded","section":"Shading Mode"},"sceneLighting":true,"audioPlay":false,"sceneViewState":{"m_AlwaysRefresh":false,"showFog":true,"showSkybox":true,"showFlares":true,"showImageEffects":true,"showParticleSystems":true,"showVisualEffectGraphs":true,"m_FxEnabled":true},"in2DMode":false,"pivot":{"x":80.47233581542969,"y":0.5043178200721741,"z":102.74211883544922},"rotation":{"x":0.1482558250427246,"y":0.6858809590339661,"z":-0.14507609605789185,"w":0.6984025835990906},"size":0.3128592371940613,"orthographic":false}