{"cameraMode":{"drawMode":0,"name":"Shaded","section":"Shading Mode"},"sceneLighting":false,"audioPlay":false,"sceneViewState":{"m_AlwaysRefresh":false,"showFog":true,"showSkybox":false,"showFlares":true,"showImageEffects":true,"showParticleSystems":true,"showVisualEffectGraphs":true,"m_FxEnabled":true},"in2DMode":false,"pivot":{"x":-0.019265294075012208,"y":0.266612708568573,"z":-0.685729444026947},"rotation":{"x":-0.06827206909656525,"y":0.7958531975746155,"z":-0.09137193858623505,"w":-0.5946512818336487},"size":1.5410268306732178,"orthographic":false}